adc_range_vpp,point,attenuation,gain_pct,channel,snr_db_mean,snr_db_std,sinad_db_mean,sinad_db_std,enob_mean,enob_std,noise_floor_dbfs_mean,noise_floor_dbfs_std,peak_to_peak_codes_mean,peak_to_peak_codes_std,h2_dbfs_mean,h2_dbfs_std,h3_dbfs_mean,h3_dbfs_std,h4_dbfs_mean,h4_dbfs_std,h5_dbfs_mean,h5_dbfs_std
1,P1,1:1,49.5,ch1,24.833922813138,1.124866195535903,24.772401640473838,1.1070751462213884,3.8226580798129293,0.18389952595039674,-58.55748183251469,1.1248576968898825,13983.7,292.31111660162514,-55.06205615710186,1.8381646624860406,-41.821373566312424,1.042447962236714,-56.42101549837247,2.546684465372495,-55.63864449604365,3.824942855800094
1,P1,1:1,49.5,ch2,21.94983454769556,0.6306254357691118,21.917727481391033,0.6276750837483693,3.3484597145167827,0.10426496407780224,-55.453171410419785,0.6280874825935867,14906.3,244.1252183249863,-52.426683222391446,3.7007293312721523,-42.43652620049054,2.140318199180507,-52.41150902459988,3.0677319556044886,-51.719447759447654,3.4145805959771214
1,P1,1:1,49.5,average,25.437208412732723,1.2891096754168638,25.376743089963064,1.2752896908649716,3.923047024910808,0.21184214133969617,-59.048388304491674,1.2901188701369923,14093.3,250.19994226840086,-55.950590502351716,3.282144083830884,-42.561814370477315,1.6309193166790705,-55.0629594076536,2.777756026053549,-55.73345991166583,3.5953683994707943
1,P2,1:1,45.44,ch1,32.95122886237175,0.4837435859025511,32.84614503784636,0.4767733791063205,5.163811468080792,0.07919823573194687,-65.93684782963905,0.4824383603431379,14103.7,112.24383180281123,-54.29499579358213,3.9055522319433846,-48.89378123789426,2.9247415987698626,-59.40091564680112,4.948205403588277,-57.326275945247815,5.19652094160162
1,P2,1:1,45.44,ch2,28.454455633217776,0.2666467388442105,28.35811683039363,0.25126629537324946,4.418291832291301,0.04173858727130397,-61.227498182529395,0.2676437043621217,14860.3,129.01769904422673,-47.469477639890144,6.352110164935224,-50.33614832915329,3.221038468634226,-51.326256426049795,3.572585087056393,-49.98786657328559,3.342951895223959
1,P2,1:1,45.44,average,32.624691810931054,0.4932469715397378,32.526550218994416,0.487523075768423,5.1107226277399365,0.08098389962930615,-65.49944863228863,0.4924505896943009,14282.5,104.77091411476968,-53.086491431239075,4.697265967884169,-51.079553800743966,3.6152197203256016,-55.958738615206585,1.8448188437301336,-54.152922874030786,3.142087675658956
1,P3,1:100,55.5,ch1,21.958067941765744,0.1454814052334247,21.895079717087093,0.13538599493410255,3.3446976274231046,0.022489367929252903,-55.1607990909864,0.14115487313321246,15221.4,119.18724764000551,-44.84905417862835,2.9868689223258515,-43.56125990613676,2.9636053458485185,-44.302156060933086,2.437966932645831,-43.59216950615693,1.6554320522644212
1,P3,1:100,55.5,ch2,26.422166745903496,0.1419318803271771,26.338946251507725,0.12273456282658707,4.082881437127528,0.020387801133984414,-59.49043498798545,0.13531960116818112,14574.8,113.3772463945037,-48.374747422373154,2.8471487031666496,-44.24530997898224,2.4627517885280823,-48.75228010754863,2.8644981012860145,-50.08182699896252,2.8285681427609375
1,P3,1:100,55.5,average,24.86683140978107,0.17597782678155943,24.790651369848494,0.15612011429551442,3.8256895963203474,0.025933573803241634,-58.0018649375895,0.16981218190522168,14725.85,97.70961797307594,-46.96719943361269,2.858032095477804,-44.42094072625012,2.5799416157710633,-46.34259201627724,2.1155261323220738,-47.36978221459714,2.8887749250371653
1,P4,1:100,52.53,ch1,29.063502784561926,0.20667012391789324,28.983588562708928,0.20306497993067385,4.522190791147663,0.033731724240975806,-61.2758816288552,0.19963744577111722,15821.6,100.46359207859001,-51.49196040992092,3.1046820247617273,-46.80571427697468,2.474582909497724,-51.94096040823903,2.3438734299677995,-50.26357725586081,4.6038401720070645
1,P4,1:100,52.53,ch2,31.08166846043789,0.28010166568150807,30.927642617744773,0.2588646384495323,4.8451233584293645,0.04300077050656693,-63.12298668810614,0.27852754762373116,15775.8,84.31923465813321,-51.25906204112245,2.9162993894069555,-49.29746415423868,3.6908267010261486,-48.13495428712746,3.5284561663550886,-47.088371175029444,3.85718775729493
1,P4,1:100,52.53,average,31.401783282280075,0.24744173477491052,31.300513930256024,0.23844779344048678,4.90706211466047,0.03960926801336994,-63.52865980302015,0.242028771355001,15662.35,89.55663943374978,-54.48579896022848,3.8247113473082472,-49.05092860312483,2.8577504802395124,-51.8087174910094,2.384758899512293,-49.61692297252303,3.6046548682690296
1,P5,1:100,49.66,ch1,34.2410618067103,0.2568557970087207,34.067065964497345,0.25458707885389803,5.366622253238762,0.042290212434202466,-66.2429014479388,0.25628019904208393,15596.7,115.23218107610198,-57.60905184285618,5.616291253489805,-47.80959914089252,1.6576830100220121,-57.54157018509561,2.232584765743028,-48.742605325983526,3.1031371614106598
1,P5,1:100,49.66,ch2,32.423592872802,0.7867666950950205,32.142674481453604,0.6946913138187375,5.046955893929171,0.11539722820909268,-64.23582767733352,0.7877098736537784,15976.2,111.70675897187243,-57.163819720975184,4.806810279277625,-46.193523852580824,2.9625246439674524,-56.11456812751974,5.475290154221797,-43.95266337972017,4.912178351927577
1,P5,1:100,49.66,average,34.90569616885969,0.5769003107759106,34.68964456368894,0.5433378505180102,5.470040625197498,0.09025545689667946,-66.8116017852658,0.576224540391591,15636.05,107.07952652117959,-59.28058066920526,3.408151828727383,-49.38596690976238,4.514137990689157,-57.752424418341164,3.89811764578905,-47.970250243712215,4.134845625299915
1,P6,1:100,45.0,ch1,38.196266915882724,0.18080492110611657,38.01620793957033,0.17852995655261367,6.022625903583112,0.029656138962228157,-71.01753343564083,0.18071092205596956,13911.6,36.945004172869346,-57.175053543615014,2.896134089697857,-55.03924225375638,3.0579608386537065,-61.63328107439649,5.079614725684903,-53.54188248052208,4.567542502674798
1,P6,1:100,45.0,ch2,31.105860760845133,0.35651891496627325,30.939071095933066,0.3553065666688105,4.847021776733067,0.05902102436358979,-63.72343091427857,0.35746380354477936,14742.2,220.22554095492396,-51.88332452989344,2.978896932108643,-49.823122114979135,3.897757020563164,-54.48256031817611,2.6106262185596507,-44.65878485823762,3.0782184106608126
1,P6,1:100,45.0,average,35.41980348691519,0.32761339159793035,35.28459294224742,0.32677125220938347,5.568869259509539,0.0542809389052131,-68.13760790295547,0.3296470939615686,14226.9,91.97578183654893,-55.973402872233216,3.803450993351465,-54.124004361289124,3.5150878784853066,-59.369078754249905,2.5858484424240107,-50.73898070942088,2.84228401523891
2,P1,1:1,49.5,ch1,32.47544336252375,1.2572844167490684,32.204585996335354,1.1973176552313032,5.057240198726804,0.19888997595204372,-64.85382020380533,1.2579720905191698,15115.5,99.06142875340869,-55.1613470636157,5.251129055602018,-44.760739109367485,5.825167587715351,-48.98307404196558,0.9950466006150728,-52.8993348195433,2.7274754328867052
2,P1,1:1,49.5,ch2,30.928100094788125,0.7812739822694513,30.800131229709915,0.7699402961304049,4.823942064735866,0.12789705915787467,-63.11134139150231,0.7799965092806398,15580.2,107.51413343783639,-53.77135194892804,5.404076593214443,-45.3696455141305,3.8603775909623024,-51.39201893368115,2.1153100574117985,-53.26952902224373,4.337228375783394
2,P1,1:1,49.5,average,33.67464710644216,1.4579106002557247,33.56484236621203,1.4230838345240064,5.283196406347514,0.23639266354219415,-65.9579165301546,1.457386468749301,15168.1,111.76980311733975,-56.53071931143997,2.1663423986014454,-47.94877488524564,1.4199150648445462,-58.98543718829897,4.855019356555531,-56.47826551769231,3.903002884872991
2,P2,1:1,45.44,ch1,37.94453056913548,0.6137925583798873,37.690755323610645,0.5469597827276557,5.968564007244295,0.09085710676539141,-69.89897993798289,0.6145341144673026,15371.4,92.16675708253553,-51.60063629208749,1.0102470310312748,-50.651710185410884,3.418385844788301,-56.55343209232625,3.3495822231514243,-55.57124054039832,3.186702171010085
2,P2,1:1,45.44,ch2,35.51436634451523,0.7932141146109885,35.093183709092216,0.7183578643485977,5.537073705829272,0.11932854889511599,-67.2874592750377,0.7895005117186156,15829.8,108.372608265291,-53.648941440864164,3.295207845549656,-46.47484677436968,2.8038927003952514,-55.39314837102886,3.1021866725056113,-44.455992690748076,2.425298851066012
2,P2,1:1,45.44,average,38.03628341085242,0.7709570540792069,37.68186195145399,0.7072913129082944,5.967086702899334,0.11749025131367012,-69.89742205535848,0.7708096393319888,15518.1,97.29188615250045,-52.67897725386998,1.8043878654739562,-49.28494905000004,3.6587803479345715,-57.25657152194931,2.827590781919615,-50.07890465409359,2.9860881464839006
2,P3,1:100,55.5,ch1,28.850896211013314,0.42325223161277176,28.763769115975066,0.40054647954742917,4.485675932886224,0.06653596005771241,-61.187858968820294,0.4254488280741015,15460.7,79.59068901434249,-51.097000401176466,2.974613549918953,-46.60963726039822,2.8580941436101135,-52.55193883209539,4.795081533380097,-48.58523605575994,3.0675276936223193
2,P3,1:100,55.5,ch2,33.04457262326733,0.667415606799483,32.82310341902198,0.6145189112469859,5.159983956648169,0.10207955336328672,-65.24669595090347,0.6675622118548745,15242.9,56.87110182001244,-54.628683103803226,5.308406337460892,-47.53137505890563,3.2484281573005536,-54.22094211590182,3.0934281964826056,-46.88981748676292,4.165545577065776
2,P3,1:100,55.5,average,31.70181457841604,0.5899651917058694,31.556075192966894,0.5447771583975097,4.94951415165563,0.09049454458430406,-63.970310929558174,0.5901969332262458,15296.75,53.37511384323014,-53.766575136865015,3.4402592259812037,-46.98868399760192,2.0411400894099274,-55.098535546472945,4.584036253401721,-47.95638550842868,3.6176559614012223
2,P4,1:100,52.53,ch1,34.70179618463503,0.2024782940685374,34.54291094028033,0.24629366266739275,5.445666269149557,0.04091256854940073,-66.57128756618144,0.20210736072428948,15797.4,112.33798209965417,-54.14406655930418,5.66342566924217,-48.4382216446203,2.9231311882976176,-55.91188526247801,2.756100297851791,-53.579134088284306,5.075473379433436
2,P4,1:100,52.53,ch2,36.183233690592054,0.603382124640467,35.87855366682129,0.544922296409125,5.667533831697889,0.09051865388855881,-67.89743775083225,0.6036926780088927,15939.9,126.35791317611346,-53.63389888651007,4.529276861725091,-52.280606181981966,6.236061632148023,-53.50158414192258,2.22205566264752,-47.92060027876188,4.7801552570508035
2,P4,1:100,52.53,average,36.596257827522884,0.39262854501138605,36.37294645916388,0.3958456786277008,5.749658880259781,0.06575509611755824,-68.38716931022353,0.39035668488163094,15807.35,108.41895334508835,-54.62648301255418,5.001363919477696,-50.406080580193034,3.3656934029899745,-55.48856223571302,2.687063058068283,-51.00778057790192,3.7134070789441926
2,P5,1:100,49.66,ch1,38.112164206473665,0.15015530151500292,37.96767691999366,0.18179321662863465,6.014564272424197,0.030198208742298057,-70.14017983936851,0.15014311198401556,15308.4,103.10965037279487,-58.89504599647087,2.6200724050706445,-52.439114839316346,3.71535646289431,-60.25522798727061,3.6526023721878924,-56.19254894149003,3.994728585690203
2,P5,1:100,49.66,ch2,37.02538462380153,0.4378700972630137,36.63362777917902,0.35794955383839305,5.792961425112795,0.05946005877714171,-68.87877675763487,0.4381260716730716,15609.8,93.30094676189877,-55.47167210939551,3.1991131419434082,-50.730614705492336,2.521049983805622,-53.30046482412729,3.475130313352475,-46.28866035986958,3.1873933646559394
2,P5,1:100,49.66,average,38.74193146531887,0.26100798677947734,38.49210237386186,0.24039018510697074,6.1016781351930005,0.039931924436373965,-70.68202097605379,0.2623252056388011,15387.3,90.0373996366695,-58.82114937466129,3.5905532716584077,-52.78606341772233,3.468653367523203,-57.18451093477613,3.5011258536547616,-51.237405918381775,3.661135033132049
2,P6,1:100,45.0,ch1,38.08674083390941,0.13055102809368893,37.81089622369238,0.2730373811043953,5.988520967390761,0.04535504669508222,-74.94821433987836,0.12842185582428212,8715.8,49.73887368603712,-56.72141692156424,5.470932539743163,-63.650770658683314,5.378328923505244,-58.522117033566204,2.490990326018558,-57.52557482449441,3.8091880014759694
2,P6,1:100,45.0,ch2,33.653861828010164,1.0730276234345708,32.932779830468135,1.176114303759,5.1782026296458685,0.19536782454468468,-70.33998622335477,1.0759906462703714,9053.7,88.13253907861979,-53.84169111119596,3.1204509317971554,-46.31871759085091,4.4818434989544995,-55.86854603835059,3.8331171837846965,-46.5436760943728,3.6323449463400297
2,P6,1:100,45.0,average,37.18330162642114,0.6999585428518527,36.718644853719766,0.7593932064008702,5.807083862744149,0.1261450508971545,-73.95734862781929,0.7004036958867139,8833.15,67.45412021020906,-56.454191012036766,4.49201616240799,-51.30051837257925,3.4476222021329557,-61.42241046834222,4.781237691347809,-53.266869805923,2.481430980146663
